Website,Title,Links,Images,Headings,Emails,Phones,Date
https://www.mobileappscraping.com,Mobile App Scraping Services | Extract Mobile App Data USA,316,290,113,2,3,2026-06-28 20:46:34
https://www.youtube.com,YouTube,14,0,0,0,125,2026-06-28 23:24:11
https://www.youtube.com,YouTube,14,0,0,0,123,2026-06-28 23:24:18
https://mobileapps.com,End-to-End Mobile App Development Services Provider | MobileApps.com,48,43,45,0,253,2026-06-28 23:50:48
https://canva.com,Canva,1,0,1,0,49,2026-06-28 23:53:46
https://mobileapps.com,End-to-End Mobile App Development Services Provider | MobileApps.com,48,43,45,0,253,2026-06-29 00:05:20
http://google.com,Google,20,1,0,0,26,2026-06-29 00:32:49
https://facebook.com,Facebook,33,0,0,0,53,2026-06-29 00:44:48
https://example.com,Example Domain,1,0,1,0,0,2026-06-29 00:46:26
https://google.com,Google,20,1,0,0,26,2026-06-29 01:23:24
https://youtube.com,YouTube,14,0,0,0,124,2026-06-29 01:24:11
https://youtube.com,YouTube,14,0,0,0,124,2026-06-29 01:24:19
https://mobileapps.com,End-to-End Mobile App Development Services Provider | MobileApps.com,48,43,45,0,253,2026-06-29 23:47:08
https://mobileapps.com,End-to-End Mobile App Development Services Provider | MobileApps.com,48,43,45,0,253,2026-06-29 23:47:15
